2024-03-31T20:48:20.616846,-0.4878049,-0.18292683,-1.0365853
2024-03-31T20:48:20.654393,-0.4878049,-0.18292683,-1.0365853
2024-03-31T20:48:20.654559,-1.2195122,0.6097561,-1.2195122
2024-03-31T20:48:20.654690,-1.402439,0.6097561,-1.0365853
2024-03-31T20:48:23.169061,-0.4878049,1.097561,-0.12195122
2024-03-31T20:48:23.169263,-1.0365853,0.18292683,0.24390244
2024-03-31T20:48:28.739768,-1.0365853,-1.0365853,0.4878049
2024-03-31T20:48:31.586134,0.42682928,0.6097561,0.06097561
2024-03-31T20:48:31.586385,0.12195122,1.0365853,0.06097561
2024-03-31T20:48:31.586539,-0.24390244,1.0365853,0.06097561
2024-03-31T20:48:31.586660,-1.0365853,0.79268295,0.24390244
2024-03-31T20:48:31.597693,-0.36585367,2.1341465,0.0
2024-03-31T20:48:31.597843,-0.24390244,2.0731707,0.24390244
2024-03-31T20:48:31.597946,-1.9512196,-0.12195122,0.42682928
2024-03-31T20:48:31.598049,-1.5853659,-0.42682928,0.4878049
2024-03-31T20:48:31.633364,1.4634147,-0.4878049,0.91463417
2024-03-31T20:48:31.670884,1.4634147,-0.4878049,0.91463417
2024-03-31T20:48:31.671055,0.79268295,0.0,0.79268295
2024-03-31T20:48:31.705950,1.4634147,-0.4878049,0.91463417
2024-03-31T20:48:31.706045,0.79268295,0.0,0.79268295
2024-03-31T20:48:31.706096,1.6463414,1.2804878,0.91463417
2024-03-31T20:48:31.706143,3.5365853,0.79268295,1.3414634
2024-03-31T20:48:31.740491,0.18292683,-0.4878049,0.91463417
2024-03-31T20:48:31.773325,0.18292683,-0.4878049,0.91463417
2024-03-31T20:48:31.773492,0.18292683,0.12195122,1.1585366
2024-03-31T20:48:31.773591,2.7439024,0.42682928,1.097561
2024-03-31T20:48:31.799453,0.18292683,-0.4878049,0.91463417
2024-03-31T20:48:31.799607,0.18292683,0.12195122,1.1585366
2024-03-31T20:48:31.799720,2.7439024,0.42682928,1.097561
2024-03-31T20:48:31.799834,3.3536587,0.85365856,0.79268295
2024-03-31T20:48:31.826370,0.18292683,0.18292683,0.79268295
2024-03-31T20:48:31.856426,0.18292683,0.18292683,0.79268295
2024-03-31T20:48:31.856579,0.18292683,-0.12195122,0.42682928
2024-03-31T20:48:31.890762,0.18292683,0.18292683,0.79268295
2024-03-31T20:48:31.890899,0.18292683,-0.12195122,0.42682928
2024-03-31T20:48:31.891010,0.06097561,-0.12195122,-0.18292683
2024-03-31T20:48:31.947719,2.4390244,-0.36585367,0.91463417
2024-03-31T20:48:31.980935,2.4390244,-0.36585367,0.91463417
2024-03-31T20:48:31.981148,2.012195,-0.79268295,0.24390244
2024-03-31T20:48:31.981251,0.12195122,-0.30487806,0.06097561
2024-03-31T20:48:32.011118,2.4390244,-0.36585367,0.91463417
2024-03-31T20:48:32.011315,2.012195,-0.79268295,0.24390244
2024-03-31T20:48:32.011472,0.12195122,-0.30487806,0.06097561
2024-03-31T20:48:32.011668,-0.36585367,-0.42682928,0.73170733
2024-03-31T20:48:32.039737,1.1585366,-0.73170733,-0.18292683
2024-03-31T20:48:32.074845,1.1585366,-0.73170733,-0.18292683
2024-03-31T20:48:32.075036,1.2195122,-0.4878049,-0.4878049
2024-03-31T20:48:32.106153,1.1585366,-0.73170733,-0.18292683
2024-03-31T20:48:32.106314,1.2195122,-0.4878049,-0.4878049
2024-03-31T20:48:32.106427,0.6707317,-0.42682928,-0.5487805
2024-03-31T20:48:32.106546,-0.79268295,-0.79268295,-0.85365856
2024-03-31T20:48:32.137364,0.30487806,0.73170733,-0.9756098
2024-03-31T20:48:32.165353,0.30487806,0.73170733,-0.9756098
2024-03-31T20:48:32.165530,2.8658538,0.6097561,-0.91463417
2024-03-31T20:48:32.197594,0.30487806,0.73170733,-0.9756098
2024-03-31T20:48:32.197756,2.8658538,0.6097561,-0.91463417
2024-03-31T20:48:32.197868,3.6585367,-1.5243902,-1.5243902
2024-03-31T20:48:32.197994,-1.0365853,-1.6463414,-2.4390244
2024-03-31T20:48:32.258647,0.73170733,-3.0487804,0.42682928
2024-03-31T20:48:32.258810,2.804878,-2.378049,-1.0365853
2024-03-31T20:48:32.289505,0.73170733,-3.0487804,0.42682928
2024-03-31T20:48:32.289664,2.804878,-2.378049,-1.0365853
2024-03-31T20:48:32.289778,-1.0365853,-1.7682927,-2.4390244
2024-03-31T20:48:32.349955,-2.804878,-3.7804878,-2.2560976
2024-03-31T20:48:32.382241,-2.804878,-3.7804878,-2.2560976
2024-03-31T20:48:32.382317,-0.6097561,-3.4146342,-3.2317073
2024-03-31T20:48:32.382369,-0.18292683,0.0,-2.317073
2024-03-31T20:48:33.020062,-2.804878,-3.7804878,-2.2560976
2024-03-31T20:48:33.020191,-0.6097561,-3.4146342,-3.2317073
2024-03-31T20:48:33.020253,-0.18292683,0.0,-2.317073
2024-03-31T20:48:33.020301,-1.6463414,2.6219513,-1.097561
2024-03-31T20:48:33.413752,1.097561,0.36585367,-0.6707317
2024-03-31T20:48:33.447115,0.06097561,1.7682927,0.0
2024-03-31T20:48:33.481122,0.06097561,1.7682927,0.0
2024-03-31T20:48:33.481266,-0.42682928,1.6463414,0.06097561
2024-03-31T20:48:33.540289,0.06097561,1.7682927,0.0
2024-03-31T20:48:33.540447,-0.42682928,1.6463414,0.06097561
2024-03-31T20:48:33.540523,-1.7073171,1.4634147,-0.36585367
2024-03-31T20:48:33.573146,-0.4878049,0.9756098,-0.30487806
2024-03-31T20:48:33.573455,-1.2195122,0.6097561,-0.5487805
2024-03-31T20:48:33.610079,-0.4878049,0.9756098,-0.30487806
2024-03-31T20:48:33.610209,-1.2195122,0.6097561,-0.5487805
2024-03-31T20:48:33.610256,-1.5853659,0.9756098,-0.42682928
2024-03-31T20:48:33.674933,-2.378049,0.73170733,0.30487806
2024-03-31T20:48:33.675064,-1.6463414,-0.79268295,0.42682928
2024-03-31T20:48:33.714560,-2.378049,0.73170733,0.30487806
2024-03-31T20:48:33.714703,-1.6463414,-0.79268295,0.42682928
2024-03-31T20:48:33.714766,-1.3414634,-1.2804878,0.06097561
2024-03-31T20:48:33.781244,-1.2804878,-0.6707317,0.30487806
2024-03-31T20:48:33.781379,-0.91463417,0.30487806,0.4878049
2024-03-31T20:48:33.814524,-1.2804878,-0.6707317,0.30487806
2024-03-31T20:48:33.814654,-0.91463417,0.30487806,0.4878049
2024-03-31T20:48:33.814696,-0.9756098,0.6707317,1.097561
2024-03-31T20:48:33.869870,-0.36585367,0.91463417,0.24390244
2024-03-31T20:48:33.901608,-0.36585367,0.91463417,0.24390244
2024-03-31T20:48:33.901906,-1.2195122,1.1585366,0.30487806
2024-03-31T20:48:33.901971,-3.3536587,1.3414634,0.42682928
2024-03-31T20:48:33.941026,-0.36585367,0.91463417,0.24390244
2024-03-31T20:48:33.941173,-1.2195122,1.1585366,0.30487806
2024-03-31T20:48:33.941234,-3.3536587,1.3414634,0.42682928
2024-03-31T20:48:33.941290,-2.7439024,-0.42682928,0.6707317
2024-03-31T20:48:33.967872,-0.79268295,0.85365856,0.79268295
2024-03-31T20:48:33.996892,-0.79268295,0.85365856,0.79268295
2024-03-31T20:48:33.997082,-0.30487806,2.195122,0.6707317
2024-03-31T20:48:33.997195,-1.402439,1.7682927,1.8292683
2024-03-31T20:48:34.025690,-0.79268295,0.85365856,0.79268295
2024-03-31T20:48:34.025850,-0.30487806,2.195122,0.6707317
2024-03-31T20:48:34.025956,-1.402439,1.7682927,1.8292683
2024-03-31T20:48:34.026090,-3.2317073,0.42682928,2.8658538
2024-03-31T20:48:34.057876,-0.73170733,1.7682927,1.5853659
2024-03-31T20:48:34.088730,-0.73170733,1.7682927,1.5853659
2024-03-31T20:48:34.088977,-0.30487806,1.8902439,1.7682927
2024-03-31T20:48:34.122612,-0.73170733,1.7682927,1.5853659
2024-03-31T20:48:34.122755,-0.30487806,1.8902439,1.7682927
2024-03-31T20:48:34.122809,-1.8902439,1.402439,1.8902439
2024-03-31T20:48:34.181058,-1.2195122,2.2560976,1.5853659
2024-03-31T20:48:34.181191,-2.195122,2.012195,0.91463417
2024-03-31T20:48:34.210978,-1.2195122,2.2560976,1.5853659
2024-03-31T20:48:34.211255,-2.195122,2.012195,0.91463417
2024-03-31T20:48:34.211410,-3.4756098,0.73170733,0.73170733
2024-03-31T20:48:34.270681,1.5243902,3.9634147,0.5487805
2024-03-31T20:48:34.302358,1.5243902,3.9634147,0.5487805
2024-03-31T20:48:34.302536,-1.2804878,6.52439,0.12195122
2024-03-31T20:48:34.302648,-2.195122,6.0365853,1.2804878
2024-03-31T20:48:34.330726,1.5243902,3.9634147,0.5487805
2024-03-31T20:48:34.330884,-1.2804878,6.52439,0.12195122
2024-03-31T20:48:34.331014,-2.195122,6.0365853,1.2804878
2024-03-31T20:48:34.331145,-0.6097561,5.365854,2.0731707
2024-03-31T20:48:34.361015,0.12195122,0.73170733,1.7073171
2024-03-31T20:48:34.393512,0.12195122,0.73170733,1.7073171
2024-03-31T20:48:34.393665,2.317073,3.2317073,-0.5487805
2024-03-31T20:48:34.431155,0.12195122,0.73170733,1.7073171
2024-03-31T20:48:34.431310,2.317073,3.2317073,-0.5487805
2024-03-31T20:48:34.431440,0.5487805,3.6585367,1.5243902
2024-03-31T20:48:34.462807,-1.7073171,1.097561,-0.4878049
2024-03-31T20:48:34.491557,-1.7073171,1.097561,-0.4878049
2024-03-31T20:48:34.491747,0.6097561,1.7073171,0.9756098
2024-03-31T20:48:34.538186,-1.7073171,1.097561,-0.4878049
2024-03-31T20:48:34.538361,0.6097561,1.7073171,0.9756098
2024-03-31T20:48:34.538475,0.12195122,0.42682928,1.1585366
2024-03-31T20:48:34.565697,0.12195122,-4.390244,1.5243902
2024-03-31T20:48:34.587953,0.12195122,-4.390244,1.5243902
2024-03-31T20:48:34.588107,5.4268293,-0.18292683,-0.12195122
2024-03-31T20:48:34.614469,0.12195122,-4.390244,1.5243902
2024-03-31T20:48:34.614627,5.4268293,-0.18292683,-0.12195122
2024-03-31T20:48:34.614741,0.6097561,2.195122,1.7073171
2024-03-31T20:48:34.668121,1.0365853,-4.268293,0.5487805
2024-03-31T20:48:34.692725,1.0365853,-4.268293,0.5487805
2024-03-31T20:48:34.692951,0.9756098,-3.4146342,3.1097562
2024-03-31T20:48:34.713736,1.0365853,-4.268293,0.5487805
2024-03-31T20:48:34.713887,0.9756098,-3.4146342,3.1097562
2024-03-31T20:48:34.714001,-2.317073,-2.7439024,2.5
2024-03-31T20:48:34.734113,1.0365853,-4.268293,0.5487805
2024-03-31T20:48:34.734197,0.9756098,-3.4146342,3.1097562
2024-03-31T20:48:34.734260,-2.317073,-2.7439024,2.5
2024-03-31T20:48:34.734331,-1.2195122,-3.5365853,0.24390244
2024-03-31T20:48:34.771667,0.6707317,-1.4634147,-0.73170733
2024-03-31T20:48:34.791691,0.6707317,-1.4634147,-0.73170733
2024-03-31T20:48:34.791835,-0.6707317,-2.5609756,-1.9512196
2024-03-31T20:48:34.808305,0.6707317,-1.4634147,-0.73170733
2024-03-31T20:48:34.808404,-0.6707317,-2.5609756,-1.9512196
2024-03-31T20:48:34.808478,0.5487805,-1.8902439,-1.8292683
2024-03-31T20:48:34.835647,0.6707317,-1.4634147,-0.73170733
2024-03-31T20:48:34.835798,-0.6707317,-2.5609756,-1.9512196
2024-03-31T20:48:34.835914,0.5487805,-1.8902439,-1.8292683
2024-03-31T20:48:34.836038,2.195122,-1.8292683,-0.24390244
2024-03-31T20:48:34.857339,1.2804878,-1.8292683,-0.5487805
2024-03-31T20:48:34.880543,1.2804878,-1.8292683,-0.5487805
2024-03-31T20:48:34.910192,1.2804878,-1.8292683,-0.5487805
2024-03-31T20:48:34.910352,0.6707317,-3.4146342,-1.2195122
2024-03-31T20:48:34.930650,1.2804878,-1.8292683,-0.5487805
2024-03-31T20:48:34.930801,0.6707317,-3.4146342,-1.2195122
2024-03-31T20:48:34.930914,0.6097561,-4.3292685,-1.097561
2024-03-31T20:48:34.931041,1.097561,-3.7804878,-0.6097561
2024-03-31T20:48:34.976126,0.4878049,-2.2560976,-1.8902439
2024-03-31T20:48:34.998066,0.4878049,-2.2560976,-1.8902439
2024-03-31T20:48:34.998216,0.30487806,-2.2560976,-1.402439
2024-03-31T20:48:35.013534,0.4878049,-2.2560976,-1.8902439
2024-03-31T20:48:35.013623,0.30487806,-2.2560976,-1.402439
2024-03-31T20:48:35.013682,0.4878049,0.06097561,0.9756098
2024-03-31T20:48:35.032694,0.4878049,-2.2560976,-1.8902439
2024-03-31T20:48:35.032909,0.30487806,-2.2560976,-1.402439
2024-03-31T20:48:35.033004,0.4878049,0.06097561,0.9756098
2024-03-31T20:48:35.033108,0.0,-1.5853659,3.1097562
2024-03-31T20:48:35.075019,-0.79268295,-9.45122,3.4146342
2024-03-31T20:48:35.102172,-0.79268295,-9.45122,3.4146342
2024-03-31T20:48:35.102350,2.804878,-8.109756,1.097561
2024-03-31T20:48:35.130830,-0.79268295,-9.45122,3.4146342
2024-03-31T20:48:35.130997,2.804878,-8.109756,1.097561
2024-03-31T20:48:35.131136,6.097561,-1.5853659,0.5487805
2024-03-31T20:48:35.165185,2.317073,-4.5731707,2.378049
2024-03-31T20:48:35.190191,2.317073,-4.5731707,2.378049
2024-03-31T20:48:35.190347,2.4390244,-6.8292685,2.378049
2024-03-31T20:48:35.218064,2.317073,-4.5731707,2.378049
2024-03-31T20:48:35.218151,2.4390244,-6.8292685,2.378049
2024-03-31T20:48:35.218203,0.6707317,-6.2195125,0.42682928
2024-03-31T20:48:35.280834,1.8292683,-6.0365853,2.317073
2024-03-31T20:48:35.309995,1.8292683,-6.0365853,2.317073
2024-03-31T20:48:35.310194,1.097561,-7.7439027,2.2560976
2024-03-31T20:48:35.340044,1.8292683,-6.0365853,2.317073
2024-03-31T20:48:35.340216,1.097561,-7.7439027,2.2560976
2024-03-31T20:48:35.340327,2.682927,-7.256098,1.6463414
2024-03-31T20:48:35.340423,1.097561,-5.8536587,2.012195
2024-03-31T20:48:35.370829,3.0487804,-4.512195,2.804878
2024-03-31T20:48:35.400221,3.0487804,-4.512195,2.804878
2024-03-31T20:48:35.400400,3.6585367,-6.646342,2.987805
2024-03-31T20:48:35.426221,3.0487804,-4.512195,2.804878
2024-03-31T20:48:35.426376,3.6585367,-6.646342,2.987805
2024-03-31T20:48:35.426486,3.292683,-6.890244,2.6219513
2024-03-31T20:48:35.486421,4.878049,-5.121951,4.02439
2024-03-31T20:48:35.516910,4.878049,-5.121951,4.02439
2024-03-31T20:48:35.517070,5.182927,-4.756098,3.0487804
2024-03-31T20:48:35.517165,4.1463413,-6.2195125,2.5609756
2024-03-31T20:48:35.547922,4.878049,-5.121951,4.02439
2024-03-31T20:48:35.548043,5.182927,-4.756098,3.0487804
2024-03-31T20:48:35.548159,4.1463413,-6.2195125,2.5609756
2024-03-31T20:48:35.548269,3.7804878,-7.0731707,2.378049
2024-03-31T20:48:35.580720,6.646342,-7.9268293,2.7439024
2024-03-31T20:48:35.608614,6.646342,-7.9268293,2.7439024
2024-03-31T20:48:35.608797,7.1951222,-6.280488,1.5853659
2024-03-31T20:48:35.642379,6.646342,-7.9268293,2.7439024
2024-03-31T20:48:35.642470,7.1951222,-6.280488,1.5853659
2024-03-31T20:48:35.642522,5.182927,-6.7073174,1.402439
2024-03-31T20:48:35.684784,7.3170733,-8.231708,2.317073
2024-03-31T20:48:35.722072,7.3170733,-8.231708,2.317073
2024-03-31T20:48:35.722246,4.390244,-7.378049,2.4390244
2024-03-31T20:48:35.790979,2.2560976,-8.658537,4.6951222
2024-03-31T20:48:35.822655,2.2560976,-8.658537,4.6951222
2024-03-31T20:48:35.822816,5.670732,-7.012195,4.634146
2024-03-31T20:48:35.822911,4.756098,-7.9268293,5.0609756
2024-03-31T20:48:35.889734,3.5975611,-7.682927,4.878049
2024-03-31T20:48:35.924248,3.5975611,-7.682927,4.878049
2024-03-31T20:48:35.924423,3.902439,-7.0731707,4.878049
2024-03-31T20:48:35.992724,3.7195122,-7.865854,5.182927
2024-03-31T20:48:36.020881,3.7195122,-7.865854,5.182927
2024-03-31T20:48:36.021077,4.3292685,-8.170732,5.304878
2024-03-31T20:48:36.021188,2.9268293,-8.109756,5.365854
2024-03-31T20:48:36.055505,3.7195122,-7.865854,5.182927
2024-03-31T20:48:36.055669,4.3292685,-8.170732,5.304878
2024-03-31T20:48:36.055782,2.9268293,-8.109756,5.365854
2024-03-31T20:48:36.055902,2.5,-7.804878,5.182927
2024-03-31T20:48:36.094083,2.317073,-7.1341467,4.9390244
2024-03-31T20:48:36.116950,2.317073,-7.1341467,4.9390244
2024-03-31T20:48:36.117101,1.8902439,-7.6219516,4.8170733
2024-03-31T20:48:36.141595,2.317073,-7.1341467,4.9390244
2024-03-31T20:48:36.141692,1.8902439,-7.6219516,4.8170733
2024-03-31T20:48:36.141753,2.0731707,-7.5609756,4.5731707
2024-03-31T20:48:36.195545,2.9268293,-6.8292685,3.0487804
2024-03-31T20:48:36.214175,2.9268293,-6.8292685,3.0487804
2024-03-31T20:48:36.214321,5.5487804,-5.670732,2.0731707
2024-03-31T20:48:36.238359,2.9268293,-6.8292685,3.0487804
2024-03-31T20:48:36.238506,5.5487804,-5.670732,2.0731707
2024-03-31T20:48:36.238620,4.512195,-4.6951222,1.8292683
2024-03-31T20:48:36.289005,4.268293,-2.7439024,1.8292683
2024-03-31T20:48:36.317709,4.268293,-2.7439024,1.8292683
2024-03-31T20:48:36.317879,5.182927,-0.5487805,1.3414634
2024-03-31T20:48:36.341515,4.268293,-2.7439024,1.8292683
2024-03-31T20:48:36.341674,5.182927,-0.5487805,1.3414634
2024-03-31T20:48:36.341775,5.609756,-1.1585366,1.4634147
2024-03-31T20:48:36.402500,2.5609756,-3.1707318,-0.30487806
2024-03-31T20:48:36.423513,2.5609756,-3.1707318,-0.30487806
2024-03-31T20:48:36.423680,3.902439,-0.6097561,-0.06097561
2024-03-31T20:48:36.423795,5.792683,0.79268295,-0.73170733
2024-03-31T20:48:36.445704,2.5609756,-3.1707318,-0.30487806
2024-03-31T20:48:36.445903,3.902439,-0.6097561,-0.06097561
2024-03-31T20:48:36.446038,5.792683,0.79268295,-0.73170733
2024-03-31T20:48:36.446153,3.7195122,0.06097561,-0.30487806
2024-03-31T20:48:36.494409,3.8414636,-0.9756098,0.6097561
2024-03-31T20:48:36.521730,3.8414636,-0.9756098,0.6097561
2024-03-31T20:48:36.521889,5.0,0.5487805,-0.6097561
2024-03-31T20:48:36.549750,3.8414636,-0.9756098,0.6097561
2024-03-31T20:48:36.549904,5.0,0.5487805,-0.6097561
2024-03-31T20:48:36.550017,4.8170733,2.317073,-0.85365856
2024-03-31T20:48:36.550088,5.0609756,2.5609756,-0.6097561
2024-03-31T20:48:36.606036,4.5731707,2.195122,-1.3414634
2024-03-31T20:48:36.606197,5.0,2.0731707,-1.6463414
2024-03-31T20:48:36.625015,4.5731707,2.195122,-1.3414634
2024-03-31T20:48:36.625084,5.0,2.0731707,-1.6463414
2024-03-31T20:48:36.625138,5.365854,1.3414634,-2.195122
2024-03-31T20:48:36.650016,4.5731707,2.195122,-1.3414634
2024-03-31T20:48:36.650103,5.0,2.0731707,-1.6463414
2024-03-31T20:48:36.650244,5.365854,1.3414634,-2.195122
2024-03-31T20:48:36.650400,7.1341467,0.79268295,-3.4146342
2024-03-31T20:48:36.709660,6.9512196,3.7195122,-5.609756
2024-03-31T20:48:36.742821,6.9512196,3.7195122,-5.609756
2024-03-31T20:48:36.742904,6.768293,3.1707318,-4.1463413
2024-03-31T20:48:36.747046,6.402439,1.9512196,-2.012195
2024-03-31T20:48:36.810220,8.414635,4.085366,-5.609756
2024-03-31T20:48:36.839347,8.414635,4.085366,-5.609756
2024-03-31T20:48:36.839499,8.536586,5.304878,-5.5487804
2024-03-31T20:48:36.839622,6.646342,4.3292685,-4.9390244
2024-03-31T20:48:36.900037,6.768293,3.2317073,-2.5
2024-03-31T20:48:36.932885,6.768293,3.2317073,-2.5
2024-03-31T20:48:36.932975,7.0731707,2.682927,-2.7439024
2024-03-31T20:48:36.966660,6.768293,3.2317073,-2.5
2024-03-31T20:48:36.966741,7.0731707,2.682927,-2.7439024
2024-03-31T20:48:36.966785,9.3902445,3.5975611,-2.987805
2024-03-31T20:48:36.966833,10.304878,4.756098,-2.682927
2024-03-31T20:48:37.616422,9.02439,2.9268293,-2.8658538
2024-03-31T20:48:37.885737,21.585367,-4.4512196,-4.085366
2024-03-31T20:48:37.885872,21.646341,-5.121951,-4.02439
2024-03-31T20:48:37.885914,19.756098,-4.2073174,-4.02439
2024-03-31T20:48:37.922539,18.414635,-3.292683,-2.012195
2024-03-31T20:48:37.961064,18.414635,-3.292683,-2.012195
2024-03-31T20:48:37.961215,21.219513,-3.5365853,-2.0731707
2024-03-31T20:48:37.961338,23.04878,-3.7804878,-2.0731707
2024-03-31T20:48:38.035271,23.963415,-3.1707318,-3.292683
2024-03-31T20:48:38.035461,24.390244,-2.0731707,-3.4146342
2024-03-31T20:48:38.105070,23.963415,-3.1707318,-3.292683
2024-03-31T20:48:38.105227,24.390244,-2.0731707,-3.4146342
2024-03-31T20:48:38.105269,26.341463,-0.6707317,-3.4756098
2024-03-31T20:48:38.105318,25.304878,-1.3414634,-2.987805
2024-03-31T20:48:38.146339,19.634148,0.18292683,-0.91463417
2024-03-31T20:48:38.146502,21.82927,-3.1707318,-1.8902439
2024-03-31T20:48:38.182373,19.634148,0.18292683,-0.91463417
2024-03-31T20:48:38.182462,21.82927,-3.1707318,-1.8902439
2024-03-31T20:48:38.182537,21.82927,-5.0,-2.682927
2024-03-31T20:48:38.182604,19.634148,-3.4146342,-1.097561
2024-03-31T20:48:38.222625,20.121952,-0.06097561,0.6097561
2024-03-31T20:48:38.258847,20.121952,-0.06097561,0.6097561
2024-03-31T20:48:38.259024,18.292683,1.2195122,-0.4878049
2024-03-31T20:48:38.259129,16.158537,-0.5487805,-1.097561
2024-03-31T20:48:38.361804,11.463415,2.1341465,0.36585367
2024-03-31T20:48:38.362125,12.012196,1.7073171,1.2195122
2024-03-31T20:48:38.362283,14.02439,-0.9756098,1.5853659
2024-03-31T20:48:38.431382,14.085366,0.36585367,0.24390244
2024-03-31T20:48:38.465319,14.085366,0.36585367,0.24390244
2024-03-31T20:48:38.465488,14.268293,2.804878,1.2195122
2024-03-31T20:48:38.465595,13.353659,5.7317076,1.097561
2024-03-31T20:48:38.557409,12.804878,0.85365856,-0.36585367
2024-03-31T20:48:38.630876,7.1341467,4.878049,2.4390244
2024-03-31T20:48:41.815578,-23.963415,-3.7804878,28.292683
2024-03-31T20:48:41.815702,-23.780489,-3.7195122,27.987806
2024-03-31T20:48:41.815757,-19.573172,-9.3902445,25.97561
2024-03-31T20:48:41.836623,-23.963415,-3.7804878,28.292683
2024-03-31T20:48:41.836836,-23.780489,-3.7195122,27.987806
2024-03-31T20:48:41.836980,-19.573172,-9.3902445,25.97561
2024-03-31T20:48:41.837136,-17.439024,-13.597561,21.95122
2024-03-31T20:48:41.852952,-4.2073174,-6.890244,14.634147
2024-03-31T20:48:41.853107,-2.2560976,3.5365853,13.536586
2024-03-31T20:48:41.853261,7.1951222,15.121951,14.756098
2024-03-31T20:48:41.853387,14.146341,23.658537,15.853659
2024-03-31T20:48:41.868770,7.378049,23.59756,11.646341
2024-03-31T20:48:41.868960,10.243902,25.487806,9.207317
2024-03-31T20:48:41.869093,12.987805,22.804878,7.012195
2024-03-31T20:48:41.884705,-7.0731707,24.146341,0.6097561
2024-03-31T20:48:41.884893,-6.52439,21.09756,1.402439
2024-03-31T20:48:41.901147,-7.0731707,24.146341,0.6097561
2024-03-31T20:48:41.901247,-6.52439,21.09756,1.402439
2024-03-31T20:48:41.901299,-2.7439024,19.939024,1.7073171
2024-03-31T20:48:41.917520,-7.0731707,24.146341,0.6097561
2024-03-31T20:48:41.917692,-6.52439,21.09756,1.402439
2024-03-31T20:48:41.917808,-2.7439024,19.939024,1.7073171
2024-03-31T20:48:41.937754,-7.0731707,24.146341,0.6097561
2024-03-31T20:48:41.937959,-6.52439,21.09756,1.402439
2024-03-31T20:48:41.938121,-2.7439024,19.939024,1.7073171
2024-03-31T20:48:41.938371,-3.3536587,20.243902,2.5
2024-03-31T20:48:41.969944,-4.9390244,10.304878,-1.097561
2024-03-31T20:48:41.983756,-4.9390244,10.304878,-1.097561
2024-03-31T20:48:41.983909,-0.85365856,12.256098,-0.42682928
2024-03-31T20:48:42.005213,-4.9390244,10.304878,-1.097561
2024-03-31T20:48:42.005328,-0.85365856,12.256098,-0.42682928
2024-03-31T20:48:42.005403,-1.7073171,10.365854,-0.4878049
2024-03-31T20:48:42.023332,-4.9390244,10.304878,-1.097561
2024-03-31T20:48:42.023405,-0.85365856,12.256098,-0.42682928
2024-03-31T20:48:42.023458,-1.7073171,10.365854,-0.4878049
2024-03-31T20:48:42.023497,-3.6585367,6.9512196,-2.317073
2024-03-31T20:48:42.037574,-4.9390244,10.304878,-1.097561
2024-03-31T20:48:42.037732,-0.85365856,12.256098,-0.42682928
2024-03-31T20:48:42.037798,-1.7073171,10.365854,-0.4878049
2024-03-31T20:48:42.037856,-3.6585367,6.9512196,-2.317073
2024-03-31T20:48:42.085693,-4.2073174,3.1707318,-3.4756098
2024-03-31T20:48:42.085861,0.30487806,1.3414634,-3.1097562
2024-03-31T20:48:43.261069,-2.195122,-2.2560976,-0.42682928
2024-03-31T20:48:44.421951,-2.804878,5.914634,0.4878049
2024-03-31T20:48:44.422249,-1.4634147,5.5487804,0.91463417
2024-03-31T20:48:44.459435,-5.487805,0.36585367,-0.5487805
2024-03-31T20:48:44.459604,-4.878049,2.5609756,-0.73170733
2024-03-31T20:48:44.459699,-6.585366,1.9512196,-0.73170733
2024-03-31T20:48:44.626517,-6.9512196,2.1341465,-0.73170733
2024-03-31T20:48:44.626637,-7.1341467,2.1341465,0.12195122
2024-03-31T20:48:44.626734,-6.646342,2.378049,1.1585366
2024-03-31T20:48:44.626822,-4.756098,2.804878,2.195122
2024-03-31T20:48:44.686687,-1.5243902,2.8658538,2.5609756
2024-03-31T20:48:44.686892,-1.4634147,0.91463417,1.7682927
2024-03-31T20:48:44.686989,-0.73170733,1.2804878,1.7682927
2024-03-31T20:48:44.687076,-1.2195122,1.8902439,2.4390244
2024-03-31T20:48:44.718821,-5.182927,3.0487804,1.3414634
2024-03-31T20:48:44.765027,-5.182927,3.0487804,1.3414634
2024-03-31T20:48:44.765153,-5.914634,2.9268293,1.1585366
2024-03-31T20:48:44.765204,-6.3414636,2.195122,1.2804878
2024-03-31T20:48:44.814149,-6.402439,1.7073171,0.6097561
2024-03-31T20:48:44.845337,-6.402439,1.7073171,0.6097561
2024-03-31T20:48:44.845606,-7.1341467,1.402439,0.42682928
2024-03-31T20:48:44.881585,-6.402439,1.7073171,0.6097561
2024-03-31T20:48:44.881740,-7.1341467,1.402439,0.42682928
2024-03-31T20:48:44.881834,-8.170732,1.8292683,-0.18292683
2024-03-31T20:48:44.881923,-8.231708,2.0731707,-0.30487806
2024-03-31T20:48:45.160248,-6.8292685,2.1341465,-0.24390244
2024-03-31T20:48:46.463275,-3.1097562,0.4878049,0.24390244
2024-03-31T20:48:46.463422,-1.6463414,0.36585367,0.42682928
2024-03-31T20:48:46.463484,-2.8658538,0.18292683,0.24390244
2024-03-31T20:48:46.463537,-3.7195122,0.12195122,-0.06097561
2024-03-31T20:48:46.726701,1.0365853,1.402439,0.6097561
2024-03-31T20:48:46.726844,0.79268295,0.79268295,0.18292683
2024-03-31T20:48:46.726904,-0.24390244,0.12195122,-0.18292683
2024-03-31T20:48:46.726953,-0.12195122,-0.06097561,-0.30487806
2024-03-31T20:48:46.754597,-0.79268295,0.42682928,0.24390244
2024-03-31T20:48:46.754679,-0.79268295,0.6097561,0.18292683
2024-03-31T20:48:46.808202,-0.79268295,0.42682928,0.24390244
2024-03-31T20:48:46.808302,-0.79268295,0.6097561,0.18292683
2024-03-31T20:48:46.808353,-0.79268295,0.5487805,0.18292683
2024-03-31T20:48:48.477649,-0.9756098,0.36585367,0.42682928
2024-03-31T20:48:48.477947,-2.0731707,-0.12195122,0.24390244